"Verification Hash", "Date and Time", "Note"
1971135424169,2022-01-07 13:15:36,"public example"
324798452139,2022-01-07 13:54:21,"testing"
1245016966871,2022-01-07 14:34:26,"another test, with batch command"
629652347899,2022-01-07 14:44:55,"USAID ADS303 certification of no narcotics or drug offenses"
711184368321,2022-04-21 10:43:14,"Request for data from CENCARTA"
1069477755666,2022-04-21 10:44:06,"Request for data from ARA-SOL"
548447631983,2022-08-23 12:54:33,"Hiltons thesis MOU"
1526060150985,2022-09-05 06:45:51,"Hostetler honors fellows application"
479456200678,2022-10-06 15:02:34,"Kahler - 2022 effort certification"
1238115973047,2022-10-06 15:10:34,"Bakar - 2022 effort certification as PI"
1600997524315,2022-10-06 16:00:18,"2022 conflict of interest disclosure"
1266398782116,2022-11-08 14:02:09,"Bakar ETD form"
1621919565641,2023-01-03 16:04:52,"MDPI voucher use - Mxolisi's review paper"
123331339839,2023-04-13 22:21:42,"Martin - 2023 URP endorsement"
1306247211586,2023-10-29 22:14:13,"Mxolisi - Intention to Submit"
1045752213938,2024-07-29 09:56:01,"SAN Parks data agreement for crayfish, macroinvert, water physicoshemical"
2284588843351,2024-09-30 16:13:54,"PA Fish and Boat educational permit application"
968505352283,2025-04-17 07:06:19,"Fortsch URP agreement"
537903742952,2025-05-02 10:40:58,"Summer 2024 grade changes"
7404614032,2025-07-21 10:13:01,"Paudel, English - Certified"
1169352285984,2025-07-21 10:18:35,"Dakin, English - Certified"
58340521398,2025-07-21 11:21:08,"Schneider, English - Certified"
234898185140,2025-07-21 12:10:06,"Ranii, English - Certified"
1556915474647,2025-07-23 09:56:24,"Rubright, English - Certified"
1531883208556,2025-07-25 17:15:20,"Di Cesare, English - Certified"
263782046623,2025-08-04 14:07:13,"Kabala, English - Certified"
119304386781,2025-08-05 13:05:17,"Barton, English - Certified"
974214894392,2025-08-11 22:15:04,"Robinson, English - Certified"
468722077878,2025-08-17 15:30:26,"Beall, English - Certified"
1851241585853,2025-08-27 17:26:01,"Reeder ClaimsConf - J. Reeder"
372127805898,2025-08-27 17:29:02,"Reeder ClaimsConf - D. Johnson"
1022645919088,2025-08-29 14:24:00,"Freer 3 credits of research"
